스캔시각,심볼,코인명,종합예측점수,패턴유사도,매집점수,스캔당시가격,거래량절벽,이평선수렴,CMF지표,RSI,시차상관성,진짜매집판정
2026-08-01 04:42:48,PIEVERSE,파이버스,158.2,95.6,140,953.0,0.06,1.57,-0.536,49.5,-1.0,보통 수급
2026-08-01 04:42:48,MMT,모멘텀,85.99,88.3,5,296.0,19.42,10.93,-0.525,59.0,-1.0,보통 수급
2026-08-01 04:42:48,ONDO,온도파이낸스,83.2,92.9,35,562.0,0.78,5.77,-0.052,51.9,-1.0,보통 수급
2026-08-01 04:42:48,XEC,이캐시,74.74,69.9,0,0.00963,9.65,10.39,-0.088,32.7,-1.0,보통 수급
2026-08-01 04:42:48,ETH,이더리움,72.9,0.0,95,2674000.0,0.84,0.81,-0.008,46.1,-1.0,보통 수급
2026-08-01 04:42:48,SHIB,시바이누,72.58,0.0,90,0.00677,0.28,5.08,-0.137,60.2,-1.0,보통 수급
2026-08-01 04:42:48,USDT,테더,69.37,0.0,65,1437.0,1.33,1.58,-0.143,32.4,-0.07,보통 수급
2026-08-01 04:42:48,XRP,엑스알피(리플),69.31,0.0,50,1525.0,0.85,3.77,-0.171,33.1,-1.0,보통 수급
2026-08-01 04:42:48,BTC,비트코인,67.68,0.0,60,90360000.0,1.35,2.48,-0.141,34.9,-1.0,보통 수급
2026-08-01 04:42:48,ZIL,질리카,54.89,84.4,75,3.08,0.36,15.09,-0.314,23.1,-1.0,보통 수급
2026-08-01 07:49:52,PIEVERSE,파이버스,156.92,82.5,140,953.0,0.06,1.57,-0.536,49.5,0.25,보통 수급
2026-08-01 07:49:52,MMT,모멘텀,86.29,88.6,0,296.0,19.42,10.93,-0.525,59.0,-1.0,보통 수급
2026-08-01 07:49:52,SHIB,시바이누,80.86,1.0,90,0.00677,0.28,5.08,-0.137,60.2,-1.0,보통 수급
2026-08-01 07:49:52,USDT,테더,72.52,0.0,95,1437.0,1.33,1.58,-0.143,32.4,0.07,보통 수급
2026-08-01 07:49:52,ETH,이더리움,70.91,0.0,95,2674000.0,0.84,0.81,-0.008,46.1,0.23,보통 수급
2026-08-01 07:49:52,XRP,엑스알피(리플),69.32,0.0,50,1525.0,0.85,3.77,-0.171,33.1,0.13,보통 수급
2026-08-01 07:49:52,BTC,비트코인,67.68,0.0,60,90360000.0,1.35,2.48,-0.141,34.9,0.32,보통 수급
2026-08-01 07:49:52,ONDO,온도파이낸스,66.02,48.1,0,562.0,0.78,5.77,-0.052,51.9,0.2,보통 수급
2026-08-01 07:49:52,XEC,이캐시,61.92,42.6,0,0.00963,9.65,10.39,-0.088,32.7,-1.0,보통 수급
2026-08-01 07:49:52,LA,라그랑주,53.77,60.7,100,75.7,0.72,8.04,-0.324,48.9,-1.0,보통 수급
2026-08-01 08:36:39,PIEVERSE,파이버스,177.52,89.9,160,953.0,0.06,1.57,-0.536,49.5,-1.0,보통 수급
2026-08-01 08:36:39,SHIB,시바이누,88.54,0.0,105,0.00677,0.28,5.08,-0.137,60.2,-1.0,보통 수급
2026-08-01 08:36:39,MMT,모멘텀,85.59,93.6,0,296.0,19.42,10.93,-0.525,59.0,0.13,보통 수급
2026-08-01 08:36:39,USDT,테더,74.62,0.0,115,1437.0,1.33,1.58,-0.143,32.4,-1.0,보통 수급
2026-08-01 08:36:39,BTC,비트코인,69.3,0.0,95,90360000.0,1.35,2.48,-0.141,34.9,0.18,보통 수급
2026-08-01 08:36:39,ETH,이더리움,68.91,0.0,95,2674000.0,0.84,0.81,-0.008,46.1,-1.0,보통 수급
2026-08-01 08:36:39,XEC,이캐시,68.89,54.5,0,0.00963,9.65,10.39,-0.088,32.7,-1.0,보통 수급
2026-08-01 08:36:39,XRP,엑스알피(리플),67.32,0.0,50,1525.0,0.85,3.77,-0.171,33.1,0.11,보통 수급
2026-08-01 08:36:39,ONDO,온도파이낸스,63.33,61.3,0,562.0,0.78,5.77,-0.052,51.9,-1.0,보통 수급
2026-08-01 08:36:39,SOON,쑨,54.09,89.8,20,319.0,0.59,23.29,0.178,61.4,-1.0,보통 수급
2026-08-01 09:23:25,PIEVERSE,파이버스,192.41,93.2,175,953.0,0.06,1.57,-0.536,49.5,-1.0,보통 수급
2026-08-01 09:23:25,MMT,모멘텀,85.08,83.4,0,296.0,19.42,10.93,-0.525,59.0,-1.0,보통 수급
2026-08-01 09:23:25,SHIB,시바이누,84.54,0.0,105,0.00677,0.28,5.08,-0.137,60.2,-1.0,보통 수급
2026-08-01 09:23:25,USDT,테더,74.63,0.0,115,1437.0,1.33,1.58,-0.143,32.4,0.2,보통 수급
2026-08-01 09:23:25,XRP,엑스알피(리플),71.69,0.0,65,1525.0,0.85,3.77,-0.171,33.1,-1.0,보통 수급
2026-08-01 09:23:25,ETH,이더리움,71.3,0.0,110,2674000.0,0.84,0.81,-0.008,46.1,-1.0,보통 수급
2026-08-01 09:23:25,BTC,비트코인,71.3,0.0,95,90360000.0,1.35,2.48,-0.141,34.9,0.3,보통 수급
2026-08-01 09:23:25,ONDO,온도파이낸스,66.34,41.3,0,562.0,0.78,5.77,-0.052,51.9,-1.0,보통 수급
2026-08-01 09:23:25,MEGA,메가이더,62.1,84.8,95,52.6,0.32,13.33,-0.38,21.5,-1.0,보통 수급
2026-08-01 09:23:25,XEC,이캐시,61.0,38.0,15,0.00963,9.65,10.39,-0.088,32.7,-0.0,보통 수급
2026-08-01 09:51:36,PIEVERSE,파이버스,192.52,93.6,175,953.0,0.06,1.57,-0.536,49.5,-1.0,보통 수급
2026-08-01 09:51:36,MMT,모멘텀,84.82,82.2,0,296.0,19.42,10.93,-0.525,59.0,-0.07,보통 수급
2026-08-01 09:51:36,SHIB,시바이누,84.55,0.0,105,0.00677,0.28,5.08,-0.137,60.2,-1.0,보통 수급
2026-08-01 09:51:36,USDT,테더,74.63,0.0,115,1437.0,1.33,1.58,-0.143,32.4,-1.0,보통 수급
2026-08-01 09:51:36,XRP,엑스알피(리플),71.69,0.0,65,1525.0,0.85,3.77,-0.171,33.1,-1.0,보통 수급
2026-08-01 09:51:36,BTC,비트코인,71.3,0.0,95,90360000.0,1.35,2.48,-0.141,34.9,-1.0,보통 수급
2026-08-01 09:51:36,ETH,이더리움,69.3,0.0,110,2674000.0,0.84,0.81,-0.008,46.1,0.3,보통 수급
2026-08-01 09:51:36,ZIL,질리카,67.46,85.8,100,3.08,0.36,15.09,-0.314,23.1,-1.0,보통 수급
2026-08-01 09:51:36,ONDO,온도파이낸스,64.34,41.4,0,562.0,0.78,5.77,-0.052,51.9,-1.0,보통 수급
2026-08-01 09:51:36,XEC,이캐시,59.87,41.5,15,0.00963,9.65,10.39,-0.088,32.7,0.14,보통 수급
2026-08-01 11:48:41,PIEVERSE,파이버스,192.98,95.5,175,953.0,0.06,1.57,-0.536,49.5,-1.0,보통 수급
2026-08-01 11:48:41,SHIB,시바이누,82.57,0.0,105,0.00677,0.28,5.08,-0.137,60.2,-1.0,보통 수급
2026-08-01 11:48:41,MMT,모멘텀,80.01,62.7,0,296.0,19.42,10.93,-0.525,59.0,0.23,보통 수급
2026-08-01 11:48:41,USDT,테더,76.73,0.0,135,1437.0,1.33,1.58,-0.143,32.4,-0.05,보통 수급
2026-08-01 11:48:41,BTC,비트코인,72.86,0.0,110,90360000.0,1.35,2.48,-0.141,34.9,0.37,보통 수급
2026-08-01 11:48:41,XRP,엑스알피(리플),71.69,0.0,65,1525.0,0.85,3.77,-0.171,33.1,-1.0,보통 수급
2026-08-01 11:48:41,ETH,이더리움,69.3,0.0,110,2674000.0,0.84,0.81,-0.008,46.1,-0.05,보통 수급
2026-08-01 11:48:41,ONDO,온도파이낸스,67.29,61.1,0,562.0,0.78,5.77,-0.052,51.9,-1.0,보통 수급
2026-08-01 11:48:41,PROS,파로스,64.92,0.0,145,626.0,0.24,8.57,-0.031,56.8,-1.0,보통 수급
2026-08-01 11:48:41,ZIL,질리카,59.72,87.4,75,3.08,0.36,15.09,-0.314,23.1,-1.0,보통 수급
2026-08-01 13:21:07,PIEVERSE,파이버스,207.12,95.8,190,953.0,0.06,1.57,-0.536,49.5,-1.0,보통 수급
2026-08-01 13:21:07,SHIB,시바이누,98.49,0.0,125,0.00677,0.28,5.08,-0.137,60.2,-0.03,보통 수급
2026-08-01 13:21:07,MMT,모멘텀,81.73,69.4,0,296.0,19.42,10.93,-0.525,59.0,-1.0,보통 수급
2026-08-01 13:21:07,USDT,테더,76.74,0.0,135,1437.0,1.33,1.58,-0.143,32.4,0.09,보통 수급
2026-08-01 13:21:07,ONDO,온도파이낸스,72.8,80.9,15,562.0,0.78,5.77,-0.052,51.9,-1.0,보통 수급
2026-08-01 13:21:07,XRP,엑스알피(리플),72.48,0.0,70,1525.0,0.85,3.77,-0.171,33.1,0.35,보통 수급
2026-08-01 13:21:07,BTC,비트코인,71.31,0.0,95,90360000.0,1.35,2.48,-0.141,34.9,-1.0,보통 수급
2026-08-01 13:21:07,MEGA,메가이더,69.0,84.7,120,52.6,0.32,13.33,-0.38,21.5,-1.0,보통 수급
2026-08-01 13:21:07,ETH,이더리움,67.3,0.0,110,2674000.0,0.84,0.81,-0.008,46.1,-1.0,보통 수급
2026-08-01 13:21:07,ZIL,질리카,64.62,87.5,90,3.08,0.36,15.09,-0.314,23.1,-1.0,보통 수급
2026-08-01 17:10:32,PIEVERSE,파이버스,200.61,96.5,185,953.0,0.06,1.57,-0.536,49.5,0.41,보통 수급
2026-08-01 17:10:32,MMT,모멘텀,78.58,64.5,0,296.0,19.42,10.93,-0.525,59.0,-1.0,보통 수급
2026-08-01 17:10:32,USDT,테더,74.23,0.0,130,1437.0,1.33,1.58,-0.143,32.4,-1.0,보통 수급
2026-08-01 17:10:32,XRP,엑스알피(리플),74.06,0.0,80,1525.0,0.85,3.77,-0.171,33.1,0.35,보통 수급
2026-08-01 17:10:32,SHIB,시바이누,73.35,1.5,45,0.00677,0.28,5.08,-0.137,60.2,-1.0,보통 수급
2026-08-01 17:10:32,BTC,비트코인,68.86,0.0,110,90360000.0,1.35,2.48,-0.141,34.9,0.1,보통 수급
2026-08-01 17:10:32,DATA,데이터네트워크,68.41,0.0,115,319.0,0.16,12.91,-0.363,14.3,0.48,🔥 진짜 매집 흡수
2026-08-01 17:10:32,ONDO,온도파이낸스,67.25,66.7,15,562.0,0.78,5.77,-0.052,51.9,-1.0,보통 수급
2026-08-01 17:10:32,BABY,바빌론,60.28,0.0,15,16.7,31.02,9.1,-0.293,28.6,0.14,보통 수급
2026-08-01 17:10:32,ETH,이더리움,59.71,0.0,100,2674000.0,0.84,0.81,-0.008,46.1,-1.0,보통 수급
2026-08-01 17:36:28,PIEVERSE,파이버스,200.64,96.6,185,953.0,0.06,1.57,-0.536,49.5,0.22,보통 수급
2026-08-01 17:36:28,SHIB,시바이누,101.26,2.7,120,0.00677,0.28,5.08,-0.137,60.2,-1.0,보통 수급
2026-08-01 17:36:28,MMT,모멘텀,79.78,61.2,5,296.0,19.42,10.93,-0.525,59.0,-1.0,보통 수급
2026-08-01 17:36:28,XRP,엑스알피(리플),74.06,0.0,80,1525.0,0.85,3.77,-0.171,33.1,0.45,보통 수급
2026-08-01 17:36:28,USDT,테더,73.61,0.0,105,1437.0,1.33,1.58,-0.143,32.4,-1.0,보통 수급
2026-08-01 17:36:28,BTC,비트코인,70.86,0.0,110,90360000.0,1.35,2.48,-0.141,34.9,-1.0,보통 수급
2026-08-01 17:36:28,ETH,이더리움,67.3,0.0,135,2674000.0,0.84,0.81,-0.008,46.1,0.27,보통 수급
2026-08-01 17:36:28,ONDO,온도파이낸스,64.9,49.3,15,562.0,0.78,5.77,-0.052,51.9,-1.0,보통 수급
2026-08-01 17:36:28,BABY,바빌론,62.41,0.0,40,16.7,31.02,9.1,-0.293,28.6,-1.0,보통 수급
2026-08-01 17:36:28,DATA,데이터네트워크,56.87,0.0,95,319.0,0.16,12.91,-0.363,14.3,-1.0,보통 수급
2026-08-01 19:02:27,PIEVERSE,파이버스,132.15,85.1,115,953.0,0.06,1.57,-0.536,49.5,-1.0,보통 수급
2026-08-01 19:02:27,MMT,모멘텀,78.59,64.6,0,296.0,19.42,10.93,-0.525,59.0,-1.0,보통 수급
2026-08-01 19:02:27,ETH,이더리움,72.89,0.0,170,2674000.0,0.84,0.81,-0.008,46.1,-0.08,보통 수급
2026-08-01 19:02:27,USDT,테더,67.85,0.0,50,1437.0,1.33,1.58,-0.143,32.4,-1.0,보통 수급
2026-08-01 19:02:27,ZIL,질리카,67.72,88.3,105,3.08,0.36,15.09,-0.314,23.1,-1.0,보통 수급
2026-08-01 19:02:27,BTC,비트코인,67.25,0.0,75,90360000.0,1.35,2.48,-0.141,34.9,-1.0,보통 수급
2026-08-01 19:02:27,SHIB,시바이누,66.5,13.6,25,0.00677,0.28,5.08,-0.137,60.2,-1.0,보통 수급
2026-08-01 19:02:27,XRP,엑스알피(리플),63.81,0.0,15,1525.0,0.85,3.77,-0.171,33.1,0.32,보통 수급
2026-08-01 19:02:27,WLFI,월드리버티파이낸셜,61.79,87.7,145,78.8,0.49,4.29,-0.139,31.5,0.61,🔥 진짜 매집 흡수
2026-08-01 19:02:27,MEGA,메가이더,61.47,83.1,100,52.6,0.32,13.33,-0.38,21.5,-1.0,보통 수급
2026-08-01 23:27:27,PIEVERSE,파이버스,209.75,90.2,190,953.0,0.06,1.57,-0.536,49.5,-1.0,보통 수급
2026-08-01 23:27:27,SHIB,시바이누,103.05,17.7,120,0.00677,0.28,5.08,-0.137,60.2,-1.0,보통 수급
2026-08-01 23:27:27,XRP,엑스알피(리플),74.07,0.0,80,1525.0,0.85,3.77,-0.171,33.1,0.12,보통 수급
2026-08-01 23:27:27,MMT,모멘텀,73.78,61.2,0,296.0,19.42,10.93,-0.525,59.0,0.17,보통 수급
2026-08-01 23:27:27,BTC,비트코인,72.49,0.0,145,90360000.0,1.35,2.48,-0.141,34.9,0.57,🔥 진짜 매집 흡수
2026-08-01 23:27:27,ETH,이더리움,71.71,0.0,125,2674000.0,0.84,0.81,-0.008,46.1,0.25,보통 수급
2026-08-01 23:27:27,USDT,테더,68.38,0.0,55,1437.0,1.33,1.58,-0.143,32.4,0.12,보통 수급
2026-08-01 23:27:27,ZIL,질리카,65.34,86.7,105,3.08,0.36,15.09,-0.314,23.1,-1.0,보통 수급
2026-08-01 23:27:27,B3,비쓰리,62.85,92.3,95,0.676,0.29,9.21,-0.279,5.6,-1.0,보통 수급
2026-08-01 23:27:27,KAITO,카이토,62.55,87.5,0,1529.0,0.63,20.51,0.133,58.6,0.22,보통 수급
2026-08-01 23:56:04,PIEVERSE,파이버스,208.5,85.3,190,953.0,0.06,1.57,-0.536,49.5,0.58,보통 수급
2026-08-01 23:56:04,XRP,엑스알피(리플),77.23,0.0,100,1525.0,0.85,3.77,-0.171,33.1,0.11,보통 수급
2026-08-01 23:56:04,DATA,데이터네트워크,71.3,0.0,120,319.0,0.16,12.91,-0.363,14.3,0.1,보통 수급
2026-08-01 23:56:04,MMT,모멘텀,70.88,49.6,0,296.0,19.42,10.93,-0.525,59.0,-1.0,보통 수급
2026-08-01 23:56:04,USDT,테더,68.38,0.0,55,1437.0,1.33,1.58,-0.143,32.4,-1.0,보통 수급
2026-08-01 23:56:04,SHIB,시바이누,67.56,17.8,25,0.00677,0.28,5.08,-0.137,60.2,-1.0,보통 수급
2026-08-01 23:56:04,BTC,비트코인,64.74,0.0,70,90360000.0,1.35,2.48,-0.141,34.9,0.19,보통 수급
2026-08-01 23:56:04,KAITO,카이토,62.41,86.9,0,1529.0,0.63,20.51,0.133,58.6,-1.0,보통 수급
2026-08-01 23:56:04,ZIL,질리카,60.26,86.0,90,3.08,0.36,15.09,-0.314,23.1,-1.0,보통 수급
2026-08-01 23:56:04,WLFI,월드리버티파이낸셜,59.25,87.7,135,78.8,0.49,4.29,-0.139,31.5,-0.06,보통 수급
2026-08-02 04:04:13,BTC,비트코인,99.39,0.0,140,90557000.0,0.4,2.8,-0.103,29.6,0.45,🔥 진짜 매집 흡수
2026-08-02 04:04:13,ETH,이더리움,89.57,0.0,100,2660000.0,0.37,1.36,-0.012,41.9,0.1,보통 수급
2026-08-02 04:04:13,USDT,테더,83.29,0.0,65,1442.0,0.37,1.66,-0.099,35.4,-1.0,보통 수급
2026-08-02 04:04:13,ONDO,온도파이낸스,82.42,83.2,35,548.0,0.59,4.12,-0.054,56.7,0.53,🔥 진짜 매집 흡수
2026-08-02 04:04:13,XRP,엑스알피(리플),80.85,0.0,65,1528.0,0.4,3.88,-0.133,33.3,0.44,보통 수급
2026-08-02 04:04:13,RE,리,67.08,66.8,120,637.0,0.27,8.05,-0.187,53.9,-1.0,보통 수급
2026-08-02 04:04:13,PLUME,플룸,65.49,99.8,155,15.6,0.49,3.79,-0.169,51.8,-1.0,보통 수급
2026-08-02 04:04:13,MMT,모멘텀,63.58,15.6,15,266.0,1.96,11.0,-0.601,50.6,-1.0,보통 수급
2026-08-02 04:04:13,KAITO,카이토,63.55,91.8,0,1734.0,0.71,15.44,0.148,67.0,-1.0,보통 수급
2026-08-02 04:04:13,LA,라그랑주,62.1,54.5,70,73.4,0.19,11.38,-0.321,49.2,-1.0,보통 수급
2026-08-02 06:29:16,USDT,테더,110.43,0.0,150,1442.0,0.37,1.66,-0.099,35.4,0.17,보통 수급
2026-08-02 06:29:16,BTC,비트코인,97.39,0.0,120,90557000.0,0.4,2.8,-0.103,29.6,0.41,보통 수급
2026-08-02 06:29:16,ETH,이더리움,95.96,0.0,120,2660000.0,0.37,1.36,-0.012,41.9,0.2,보통 수급
2026-08-02 06:29:16,ONDO,온도파이낸스,86.17,72.8,55,548.0,0.59,4.12,-0.054,56.7,-1.0,보통 수급
2026-08-02 06:29:16,DATA,데이터네트워크,77.03,0.0,125,316.0,0.15,14.36,-0.355,14.8,-0.08,보통 수급
2026-08-02 06:29:16,MMT,모멘텀,67.21,19.0,80,266.0,1.96,11.0,-0.601,50.6,0.28,보통 수급
2026-08-02 06:29:16,XRP,엑스알피(리플),64.36,0.0,10,1528.0,0.4,3.88,-0.133,33.3,-1.0,보통 수급
2026-08-02 06:29:16,RE,리,63.7,69.5,110,637.0,0.27,8.05,-0.187,53.9,-1.0,보통 수급
2026-08-02 06:29:16,UP2,슈퍼폼,62.94,42.4,80,96.3,0.14,3.81,-0.113,56.6,-1.0,보통 수급
2026-08-02 06:29:16,KAITO,카이토,60.56,95.8,0,1734.0,0.71,15.44,0.148,67.0,-1.0,보통 수급
2026-08-02 07:53:17,BTC,비트코인,101.39,0.0,140,90557000.0,0.4,2.8,-0.103,29.6,-1.0,보통 수급
2026-08-02 07:53:17,USDT,테더,96.07,0.0,105,1442.0,0.37,1.66,-0.099,35.4,-1.0,보통 수급
2026-08-02 07:53:17,ONDO,온도파이낸스,90.29,79.9,75,548.0,0.59,4.12,-0.054,56.7,-1.0,보통 수급
2026-08-02 07:53:17,ETH,이더리움,80.41,0.0,65,2660000.0,0.37,1.36,-0.012,41.9,-1.0,보통 수급
2026-08-02 07:53:17,DATA,데이터네트워크,77.03,0.0,125,316.0,0.15,14.36,-0.355,14.8,0.09,보통 수급
2026-08-02 07:53:17,XRP,엑스알피(리플),64.36,0.0,10,1528.0,0.4,3.88,-0.133,33.3,0.09,보통 수급
2026-08-02 07:53:17,MMT,모멘텀,63.19,29.8,15,266.0,1.96,11.0,-0.601,50.6,-1.0,보통 수급
2026-08-02 07:53:17,UP2,슈퍼폼,63.08,43.0,80,96.3,0.14,3.81,-0.113,56.6,-1.0,보통 수급
2026-08-02 07:53:17,PLUME,플룸,60.11,98.6,135,15.6,0.49,3.79,-0.169,51.8,-1.0,보통 수급
2026-08-02 07:53:17,ZRO,레이어제로,58.5,85.4,100,1043.0,0.33,7.45,-0.295,37.7,-1.0,보통 수급
2026-08-02 09:07:19,USDT,테더,96.08,0.0,105,1442.0,0.37,1.66,-0.099,35.4,0.09,보통 수급
2026-08-02 09:07:19,ONDO,온도파이낸스,82.94,67.9,55,548.0,0.59,4.12,-0.054,56.7,-1.0,보통 수급
2026-08-02 09:07:19,BTC,비트코인,81.89,0.0,75,90557000.0,0.4,2.8,-0.103,29.6,-1.0,보통 수급
2026-08-02 09:07:19,ETH,이더리움,80.41,0.0,65,2660000.0,0.37,1.36,-0.012,41.9,0.59,🔥 진짜 매집 흡수
2026-08-02 09:07:19,DATA,데이터네트워크,65.04,0.0,105,316.0,0.15,14.36,-0.355,14.8,-1.0,보통 수급
2026-08-02 09:07:19,UP2,슈퍼폼,64.63,49.2,80,96.3,0.14,3.81,-0.113,56.6,-1.0,보통 수급
2026-08-02 09:07:19,XRP,엑스알피(리플),61.36,0.0,0,1528.0,0.4,3.88,-0.133,33.3,0.01,보통 수급
2026-08-02 09:07:19,LA,라그랑주,60.99,58.1,70,73.4,0.19,11.38,-0.321,49.2,-1.0,보통 수급
2026-08-02 09:07:19,MMT,모멘텀,60.52,19.1,15,266.0,1.96,11.0,-0.601,50.6,-1.0,보통 수급
2026-08-02 09:07:19,PLUME,플룸,60.11,98.6,135,15.6,0.49,3.79,-0.169,51.8,-1.0,보통 수급
2026-08-02 11:54:23,USDT,테더,89.7,0.0,85,1442.0,0.37,1.66,-0.099,35.4,-1.0,보통 수급
2026-08-02 11:54:23,ONDO,온도파이낸스,88.69,51.0,110,548.0,0.59,4.12,-0.054,56.7,-1.0,보통 수급
2026-08-02 11:54:23,XRP,엑스알피(리플),80.87,0.0,65,1528.0,0.4,3.88,-0.133,33.3,-0.07,보통 수급
2026-08-02 11:54:23,ETH,이더리움,76.42,0.0,65,2660000.0,0.37,1.36,-0.012,41.9,-1.0,보통 수급
2026-08-02 11:54:23,ENA,에테나,69.24,85.6,105,114.0,0.68,4.9,-0.234,45.3,-1.0,보통 수급
2026-08-02 11:54:23,TT,썬더코어,67.52,84.9,0,0.63,14.2,13.78,-0.769,4.2,-1.0,보통 수급
2026-08-02 11:54:23,HYPER,하이퍼레인,66.29,46.1,15,84.0,0.55,10.86,-0.364,25.4,-1.0,보통 수급
2026-08-02 11:54:23,BTC,비트코인,65.4,0.0,20,90557000.0,0.4,2.8,-0.103,29.6,-1.0,보통 수급
2026-08-02 11:54:23,UP2,슈퍼폼,64.33,48.0,80,96.3,0.14,3.81,-0.113,56.6,-1.0,보통 수급
2026-08-02 11:54:23,ADA,에이다,61.41,0.0,110,251.0,0.66,1.03,-0.107,54.2,0.35,보통 수급
2026-08-02 19:29:58,USDT,테더,89.73,0.0,85,1442.0,0.37,1.66,-0.099,35.4,-1.0,보통 수급
2026-08-02 19:29:58,ONDO,온도파이낸스,87.41,61.9,110,548.0,0.59,4.12,-0.054,56.7,-1.0,보통 수급
2026-08-02 19:29:58,XRP,엑스알피(리플),79.38,0.0,60,1528.0,0.4,3.88,-0.133,33.3,-1.0,보통 수급
2026-08-02 19:29:58,DATA,데이터네트워크,79.05,0.0,125,316.0,0.15,14.36,-0.355,14.8,-1.0,보통 수급
2026-08-02 19:29:58,BTC,비트코인,78.9,0.0,65,90557000.0,0.4,2.8,-0.103,29.6,0.29,보통 수급
2026-08-02 19:29:58,ETH,이더리움,76.42,0.0,65,2660000.0,0.37,1.36,-0.012,41.9,0.18,보통 수급
2026-08-02 19:29:58,HYPER,하이퍼레인,73.72,50.4,15,84.0,0.55,10.86,-0.364,25.4,-1.0,보통 수급
2026-08-02 19:29:58,ADA,에이다,71.5,0.0,90,251.0,0.66,1.03,-0.107,54.2,-1.0,보통 수급
2026-08-02 19:29:58,TT,썬더코어,69.09,89.9,0,0.63,14.2,13.78,-0.769,4.2,-1.0,보통 수급
2026-08-02 19:29:58,UP2,슈퍼폼,64.72,49.5,80,96.3,0.14,3.81,-0.113,56.6,-1.0,보통 수급
2026-08-02 20:27:31,UP2,슈퍼폼,120.69,48.4,170,96.3,0.14,3.81,-0.113,56.6,-1.0,보통 수급
2026-08-02 20:27:31,USDT,테더,107.28,0.0,140,1442.0,0.37,1.66,-0.099,35.4,-1.0,보통 수급
2026-08-02 20:27:31,BTC,비트코인,101.4,0.0,140,90557000.0,0.4,2.8,-0.103,29.6,0.06,보통 수급
2026-08-02 20:27:31,ONDO,온도파이낸스,89.76,61.9,130,548.0,0.59,4.12,-0.054,56.7,-1.0,보통 수급
2026-08-02 20:27:31,HYPER,하이퍼레인,86.3,49.9,70,84.0,0.55,10.86,-0.364,25.4,-1.0,보통 수급
2026-08-02 20:27:31,ADA,에이다,80.36,0.0,145,251.0,0.66,1.03,-0.107,54.2,-0.08,보통 수급
2026-08-02 20:27:31,XRP,엑스알피(리플),79.38,0.0,60,1528.0,0.4,3.88,-0.133,33.3,0.28,보통 수급
2026-08-02 20:27:31,ETH,이더리움,70.04,0.0,45,2660000.0,0.37,1.36,-0.012,41.9,0.14,보통 수급
2026-08-02 20:27:31,ENA,에테나,68.35,82.6,125,114.0,0.68,4.9,-0.234,45.3,0.54,🔥 진짜 매집 흡수
2026-08-02 20:27:31,ESP,에스프레소,65.83,69.9,120,94.8,0.34,10.98,-0.183,46.3,-1.0,보통 수급
2026-08-02 23:55:42,BTC,비트코인,103.41,0.0,140,90557000.0,0.4,2.8,-0.103,29.6,0.09,보통 수급
2026-08-02 23:55:42,USDT,테더,89.74,0.0,85,1442.0,0.37,1.66,-0.099,35.4,-1.0,보통 수급
2026-08-02 23:55:42,HYPER,하이퍼레인,86.73,51.3,70,84.0,0.55,10.86,-0.364,25.4,0.32,보통 수급
2026-08-02 23:55:42,DATA,데이터네트워크,79.05,0.0,125,316.0,0.15,14.36,-0.355,14.8,-0.15,보통 수급
2026-08-02 23:55:42,ETH,이더리움,78.43,0.0,65,2660000.0,0.37,1.36,-0.012,41.9,0.14,보통 수급
2026-08-02 23:55:42,LA,라그랑주,75.4,73.2,75,73.4,0.19,11.38,-0.321,49.2,-1.0,보통 수급
2026-08-02 23:55:42,ONDO,온도파이낸스,73.46,14.0,110,548.0,0.59,4.12,-0.054,56.7,-1.0,보통 수급
2026-08-02 23:55:42,PIEVERSE,파이버스,68.28,80.1,50,1014.0,0.72,0.94,-0.503,56.2,0.3,보통 수급
2026-08-02 23:55:42,ZRO,레이어제로,66.94,91.2,120,1043.0,0.33,7.45,-0.295,37.7,-1.0,보통 수급
2026-08-02 23:55:42,UP2,슈퍼폼,64.47,48.5,80,96.3,0.14,3.81,-0.113,56.6,-1.0,보통 수급
2026-08-03 03:57:22,USDT,테더,106.66,0.0,150,1431.0,0.41,1.75,-0.105,33.3,0.4,보통 수급
2026-08-03 03:57:22,ETH,이더리움,103.22,0.0,175,2697000.0,0.53,2.11,0.041,45.1,0.13,보통 수급
2026-08-03 03:57:22,BTC,비트코인,89.96,0.0,105,90890000.0,0.45,3.11,-0.034,32.6,-1.0,보통 수급
2026-08-03 03:57:22,UP2,슈퍼폼,86.76,72.7,115,94.5,0.16,4.4,-0.11,54.0,-1.0,보통 수급
2026-08-03 03:57:22,MANTRA,만트라,85.04,90.6,15,8.56,44.53,13.52,-0.213,42.3,-1.0,보통 수급
2026-08-03 03:57:22,BIRB,문버드,79.59,98.0,105,67.4,0.21,15.39,-0.537,36.7,-0.05,보통 수급
2026-08-03 03:57:22,XRP,엑스알피(리플),75.31,0.0,70,1553.0,0.65,3.74,-0.067,38.6,-1.0,보통 수급
2026-08-03 03:57:22,HYPER,하이퍼레인,68.75,74.6,35,94.5,39.6,9.61,-0.273,45.4,-1.0,보통 수급
2026-08-03 03:57:22,KAITO,카이토,65.46,36.1,0,1429.0,0.78,10.42,0.124,51.5,-1.0,보통 수급
2026-08-03 03:57:22,ERA,칼데라,60.02,35.9,110,92.8,0.31,13.91,-0.301,50.1,0.52,🔥 진짜 매집 흡수
2026-08-03 07:51:57,ETH,이더리움,98.47,0.0,155,2697000.0,0.53,2.11,0.041,45.1,-1.0,보통 수급
2026-08-03 07:51:57,USDT,테더,90.53,0.0,95,1431.0,0.41,1.75,-0.105,33.3,-1.0,보통 수급
2026-08-03 07:51:57,BIRB,문버드,89.29,98.1,125,67.4,0.21,15.39,-0.537,36.7,-1.0,보통 수급
2026-08-03 07:51:57,BTC,비트코인,87.26,0.0,95,90890000.0,0.45,3.11,-0.034,32.6,0.35,보통 수급
2026-08-03 07:51:57,UP2,슈퍼폼,86.81,72.8,115,94.5,0.16,4.4,-0.11,54.0,-1.0,보통 수급
2026-08-03 07:51:57,MANTRA,만트라,72.94,89.9,15,8.56,44.53,13.52,-0.213,42.3,0.23,보통 수급
2026-08-03 07:51:57,XRP,엑스알피(리플),71.32,0.0,50,1553.0,0.65,3.74,-0.067,38.6,-1.0,보통 수급
2026-08-03 07:51:57,LA,라그랑주,70.21,58.7,110,69.2,0.3,14.44,-0.324,47.6,-1.0,보통 수급
2026-08-03 07:51:57,MIRA,미라네트워크,62.86,85.1,130,59.6,0.49,2.47,-0.297,50.6,-1.0,보통 수급
2026-08-03 07:51:57,ONDO,온도파이낸스,60.24,0.0,70,544.0,0.76,2.55,-0.058,56.7,-1.0,보통 수급
